<?xml version="1.0" encoding="UTF-8"?>
<plugin_manifest xmlns="http://www.elgg.org/plugin_manifest/1.8">
	<name>Questions</name>
	<author>Evan Winslow, ColdTrick, Bartj.com</author>
	<version>2.0</version>
	<category>content</category>
	<description>Adds ability for users to ask questions to each other and get answers.</description>
	<website>http://evanwinslow.com/</website>
	<license>GNU Public License version 2</license>
	
	<requires>
		<type>elgg_release</type>
		<version>1.8</version>
	</requires>
	
	<suggests>
		<type>plugin</type>
		<name>likes</name>
	</suggests>
	
	<screenshot>
		<path>screenshots/group-questions.png</path>
		<description>Ask questions to a certain group of users</description>
	</screenshot>

</plugin_manifest>
